{
  "project_info": {
    "project_number": "189784916177",
    "firebase_url": "https://myloan-7433c.firebaseio.com",
    "project_id": "myloan-7433c",
    "storage_bucket": "myloan-7433c.appspot.com"
  },
  "client": [
    {
      "client_info": {
        "mobilesdk_app_id": "1:189784916177:android:b9864b447450143f",
        "android_client_info": {
          "package_name": "com.umbrellatechnologies.myloan"
        }
      },
      "oauth_client": [
        {
          "client_id": "189784916177-vhbg4ggbevfa4sibbcdokns8urq8f2im.apps.googleusercontent.com",
          "client_type": 3
        }
      ],
      "api_key": [
        {
          "current_key": "AIzaSyD_fHdWa2eUQPDXkdVY25vj_MARb1EGepg"
        }
      ],
      "services": {
        "appinvite_service": {
          "other_platform_oauth_client": [
            {
              "client_id": "189784916177-vhbg4ggbevfa4sibbcdokns8urq8f2im.apps.googleusercontent.com",
              "client_type": 3
            }
          ]
        }
      }
    }
  ],
  "configuration_version": "1"
}